{"cameraMode":{"drawMode":0,"name":"Shaded","section":"Shading Mode"},"sceneLighting":false,"audioPlay":false,"sceneViewState":{"showFog":true,"showMaterialUpdate":true,"showSkybox":false,"showFlares":true,"showImageEffects":true,"showParticleSystems":true},"in2DMode":false,"pivot":{"x":-13.474596977233887,"y":1.2355337142944337,"z":-6.369898796081543},"rotation":{"x":-0.09937784075737,"y":0.41920095682144167,"z":-0.046195849776268008,"w":-0.901265561580658},"size":19.337087631225587,"orthographic":false}