{"cameraMode":{"drawMode":0,"name":"Shaded","section":"Shading Mode"},"sceneLighting":false,"audioPlay":false,"sceneViewState":{"showFog":true,"showMaterialUpdate":true,"showSkybox":false,"showFlares":true,"showImageEffects":true,"showParticleSystems":true},"in2DMode":false,"pivot":{"x":-3.1354734897613527,"y":2.2214014530181886,"z":-4.99247932434082},"rotation":{"x":0.08617138117551804,"y":0.8212030529975891,"z":0.12891550362110139,"w":-0.5491799712181091},"size":3.7770230770111086,"orthographic":false}