{"cameraMode":{"drawMode":0,"name":"Shaded","section":"Shading Mode"},"sceneLighting":true,"audioPlay":false,"sceneViewState":{"showFog":true,"showMaterialUpdate":true,"showSkybox":true,"showFlares":true,"showImageEffects":true,"showParticleSystems":true},"in2DMode":false,"pivot":{"x":41.46164321899414,"y":14.915974617004395,"z":91.33710479736328},"rotation":{"x":-0.06079525500535965,"y":-0.1061783954501152,"z":-0.0066043920814991,"w":0.9924798011779785},"size":-4.797825336456299,"orthographic":false}